{"1": {"Компьютер": {"data": [23, 4.0, 300.0, "", "1", ["", 0]], "result": [1.6329999999999998, 1.6329999999999998]}}, "Квартира": {}, "Многоквартирный дом": {"Лампочка": {"data": [0, 0, 0, 0, "", ["", 0]], "result": [0, 0]}, "Обогреватель": {"data": [0, 0, 0, 0, "", ["", 0]], "result": [0, 0]}, "Телевизор": {"data": [0, 0, 0, 0, "", ["", 0]], "result": [0, 0]}, "Холодильник": {"data": [0, 0, 0, 0, "", ["", 0]], "result": [0, 0]}, "Чайник": {"data": [1, 200.0, 840.0, 0.96, "", ["", 0]], "result": [0.3976000000000003, 9.939999999999998]}}}