{"1": {"Компьютер": {"data": [1, 2.0, 3.0, 4.0, "", ["", 0]], "result": [-1.7749999999999998e-05, 5.916666666666665e-06]}}}