{"1": {"Компьютер": {"data": [23, 4.0, 300.0, "", "1", ["", 0]], "result": [1.6329999999999998, 1.6329999999999998]}}, "Квартира": {}, "Многоквартирный дом": {}}