{"1": {}, "123": {"Зарядка": {"data": [123, 23.0, 34.0, "", "", ["", 0]], "result": [0.09485008333333332, 0.09485008333333332]}, "Лампочка": {"data": [1, 2.0, 10800.0, "", "", ["", 0]], "result": [76.67999999999999, 76.67999999999999]}}}