{"1": {"Компьютер": {"data": [23, 4.0, 300.0, "", "1", ["", 0]], "result": [1.6329999999999998, 1.6329999999999998]}}, "Квартира": {"Чайник": {"data": [1, 2000.0, 840.0, 0.94, "", ["", 0]], "result": [0.1, 1.66]}}}